"country","year_","yearly_avg_temp","yearly_avg_uncert"
"Argentina",1990,"15.155083333333332","0.23374999999999999"
"Argentina",1991,"15.097583333333338","0.169"
"Argentina",1992,"14.739166666666668","0.26233333333333336"
"Argentina",1993,"15.098666666666668","0.20533333333333334"
"Argentina",1994,"15.578666666666669","0.22458333333333333"
"Argentina",1995,"15.149833333333333","0.22383333333333333"
"Argentina",1996,"15.211583333333332","0.23149999999999996"
"Argentina",1997,"15.620666666666667","0.20916666666666664"
"Argentina",1998,"15.261750000000001","0.20041666666666666"
"Argentina",1999,"15.064916666666667","0.19266666666666662"
"Argentina",2000,"14.7505","0.19799999999999998"
"Argentina",2001,"15.370416666666666","0.21049999999999994"
"Argentina",2002,"15.183750000000003","0.19925"
"Argentina",2003,"15.518333333333336","0.2540833333333334"
"Argentina",2004,"15.442166666666667","0.21541666666666662"
"Argentina",2005,"15.112833333333334","0.19525000000000003"
"Argentina",2006,"15.561083333333334","0.24191666666666667"
"Argentina",2007,"14.628083333333336","0.18900000000000003"
"Argentina",2008,"15.475999999999999","0.20475"
"Argentina",2009,"15.534416666666667","0.21575000000000003"
"Argentina",2010,"15.078833333333334","0.21891666666666668"
"Argentina",2011,"15.339666666666668","0.21983333333333333"
"Argentina",2012,"15.688999999999998","0.26575"
"Argentina",2013,"14.457124999999998","0.27649999999999997"
"Australia",1990,"22.35575","0.18575"
"Australia",1991,"22.48741666666667","0.14941666666666667"
"Australia",1992,"21.932583333333337","0.22791666666666666"
"Australia",1993,"22.160166666666665","0.17575"
"Australia",1994,"22.030249999999995","0.21308333333333337"
"Australia",1995,"21.955166666666667","0.15375"
"Australia",1996,"22.325333333333333","0.1608333333333333"
"Australia",1997,"22.086000000000002","0.18875"
"Australia",1998,"22.664833333333334","0.17074999999999999"
"Australia",1999,"22.0645","0.17700000000000002"
"Australia",2000,"21.709666666666667","0.17599999999999996"
"Australia",2001,"21.79275","0.16141666666666668"
"Australia",2002,"22.46083333333333","0.17008333333333334"
"Australia",2003,"22.44033333333333","0.22516666666666663"
"Australia",2004,"22.286916666666666","0.164"
"Australia",2005,"22.896833333333333","0.15566666666666665"
"Australia",2006,"22.264416666666666","0.20824999999999996"
"Australia",2007,"22.48675","0.15783333333333335"
"Australia",2008,"22.225916666666667","0.16624999999999998"
"Australia",2009,"22.690583333333333","0.18433333333333327"
"Australia",2010,"22.078166666666664","0.18141666666666667"
"Australia",2011,"21.767","0.1869166666666667"
"Australia",2012,"22.0245","0.23700000000000002"
"Australia",2013,"22.142874999999997","0.22362500000000002"
"Austria",1990,"7.344","0.2748333333333333"
"Austria",1991,"6.357916666666667","0.20208333333333336"
"Austria",1992,"7.615583333333334","0.25700000000000006"
"Austria",1993,"6.858666666666665","0.27291666666666664"
"Austria",1994,"8.164916666666667","0.24091666666666667"
"Austria",1995,"6.846499999999999","0.22175000000000003"
"Austria",1996,"5.86325","0.21025000000000002"
"Austria",1997,"7.025083333333335","0.25966666666666666"
"Austria",1998,"7.222750000000001","0.217"
"Austria",1999,"7.23425","0.23975000000000005"
"Austria",2000,"8.084916666666668","0.23975"
"Austria",2001,"7.1889166666666675","0.21758333333333335"
"Austria",2002,"7.91525","0.2046666666666667"
"Austria",2003,"7.509333333333331","0.2599166666666667"
"Austria",2004,"6.906083333333332","0.24858333333333335"
"Austria",2005,"6.609500000000001","0.21625000000000005"
"Austria",2006,"7.277583333333335","0.27508333333333335"
"Austria",2007,"7.976500000000001","0.2094166666666667"
"Austria",2008,"7.801916666666668","0.2609166666666667"
"Austria",2009,"7.616","0.26025000000000004"
"Austria",2010,"6.6490833333333335","0.2573333333333333"
"Austria",2011,"7.855583333333333","0.26866666666666666"
"Austria",2012,"7.6113333333333335","0.34875000000000006"
"Austria",2013,"8.055125","0.3495"
"Belarus",1990,"7.757416666666667","0.2373333333333333"
"Belarus",1991,"6.895416666666667","0.1985"
"Belarus",1992,"7.132000000000001","0.2426666666666667"
"Belarus",1993,"6.013833333333333","0.2014166666666667"
"Belarus",1994,"6.735916666666665","0.20175"
"Belarus",1995,"7.021249999999999","0.18491666666666665"
"Belarus",1996,"5.656583333333334","0.20800000000000005"
"Belarus",1997,"6.34375","0.22075000000000003"
"Belarus",1998,"6.528333333333335","0.18416666666666667"
"Belarus",1999,"7.712750000000001","0.1996666666666667"
"Belarus",2000,"7.909833333333332","0.2085"
"Belarus",2001,"7.092250000000001","0.19641666666666666"
"Belarus",2002,"7.701916666666666","0.19433333333333333"
"Belarus",2003,"6.724916666666665","0.24566666666666667"
"Belarus",2004,"6.905833333333334","0.22083333333333333"
"Belarus",2005,"6.968083333333335","0.2051666666666667"
"Belarus",2006,"6.992083333333333","0.23116666666666671"
"Belarus",2007,"7.928166666666669","0.20675"
"Belarus",2008,"8.13075","0.20941666666666667"
"Belarus",2009,"7.196416666666668","0.22841666666666663"
"Belarus",2010,"7.037250000000001","0.22424999999999998"
"Belarus",2011,"7.5885","0.24708333333333332"
"Belarus",2012,"6.835166666666667","0.2955"
"Belarus",2013,"8.2665","0.31100000000000005"
"Belgium",1990,"10.935333333333334","0.2298333333333333"
"Belgium",1991,"9.709166666666667","0.18383333333333332"
"Belgium",1992,"10.48925","0.2603333333333333"
"Belgium",1993,"9.925833333333333","0.20291666666666666"
"Belgium",1994,"10.996749999999999","0.20625000000000002"
"Belgium",1995,"10.696750000000002","0.20374999999999996"
"Belgium",1996,"8.893166666666668","0.19258333333333336"
"Belgium",1997,"10.472416666666666","0.18733333333333335"
"Belgium",1998,"10.369166666666667","0.17825000000000002"
"Belgium",1999,"10.93425","0.19808333333333336"
"Belgium",2000,"11.034249999999998","0.19716666666666663"
"Belgium",2001,"10.543333333333335","0.21258333333333332"
"Belgium",2002,"11.035750000000002","0.2060833333333333"
"Belgium",2003,"10.87025","0.24575000000000002"
"Belgium",2004,"10.452583333333331","0.21691666666666667"
"Belgium",2005,"10.727833333333335","0.18275"
"Belgium",2006,"11.09525","0.22883333333333333"
"Belgium",2007,"11.1455","0.19466666666666668"
"Belgium",2008,"10.504916666666666","0.18800000000000003"
"Belgium",2009,"10.628499999999999","0.21674999999999997"
"Belgium",2010,"9.361749999999999","0.2241666666666667"
"Belgium",2011,"11.305333333333335","0.232"
"Belgium",2012,"10.351833333333333","0.25975"
"Belgium",2013,"10.060125","0.282625"
"Brazil",1990,"25.27491666666667","0.21724999999999997"
"Brazil",1991,"25.29216666666667","0.1596666666666667"
"Brazil",1992,"25.251333333333335","0.22924999999999995"
"Brazil",1993,"25.354916666666668","0.21008333333333332"
"Brazil",1994,"25.454666666666668","0.1918333333333333"
"Brazil",1995,"25.55441666666667","0.2038333333333333"
"Brazil",1996,"25.337833333333332","0.16916666666666666"
"Brazil",1997,"25.559416666666667","0.17041666666666666"
"Brazil",1998,"25.95875","0.17675"
"Brazil",1999,"25.286583333333336","0.14525"
"Brazil",2000,"25.1965","0.16508333333333333"
"Brazil",2001,"25.50441666666667","0.1699166666666667"
"Brazil",2002,"25.80033333333333","0.16075"
"Brazil",2003,"25.621","0.2310833333333333"
"Brazil",2004,"25.496499999999997","0.19800000000000004"
"Brazil",2005,"25.806","0.16375"
"Brazil",2006,"25.516999999999996","0.236"
"Brazil",2007,"25.668000000000003","0.16733333333333333"
"Brazil",2008,"25.41033333333333","0.16258333333333333"
"Brazil",2009,"25.60058333333333","0.18566666666666667"
"Brazil",2010,"25.812416666666667","0.158"
"Brazil",2011,"25.428916666666662","0.2048333333333333"
"Brazil",2012,"25.717083333333335","0.231"
"Brazil",2013,"25.348125","0.26225"
"Bulgaria",1990,"11.597666666666667","0.29400000000000004"
"Bulgaria",1991,"10.180666666666665","0.23783333333333334"
"Bulgaria",1992,"11.021749999999999","0.332"
"Bulgaria",1993,"10.713416666666667","0.24883333333333332"
"Bulgaria",1994,"12.200416666666664","0.23924999999999996"
"Bulgaria",1995,"10.809666666666667","0.23033333333333336"
"Bulgaria",1996,"10.4285","0.22649999999999995"
"Bulgaria",1997,"10.225333333333333","0.2608333333333333"
"Bulgaria",1998,"11.098916666666666","0.22891666666666663"
"Bulgaria",1999,"11.788499999999999","0.251"
"Bulgaria",2000,"11.906833333333333","0.23891666666666667"
"Bulgaria",2001,"11.623833333333332","0.24149999999999996"
"Bulgaria",2002,"11.68033333333333","0.2578333333333333"
"Bulgaria",2003,"10.953000000000001","0.2851666666666667"
"Bulgaria",2004,"11.241666666666667","0.224"
"Bulgaria",2005,"10.781583333333336","0.24225000000000005"
"Bulgaria",2006,"11.117583333333334","0.26033333333333336"
"Bulgaria",2007,"12.314000000000002","0.2535833333333333"
"Bulgaria",2008,"11.98775","0.23408333333333334"
"Bulgaria",2009,"11.894","0.27133333333333337"
"Bulgaria",2010,"11.766333333333334","0.2564166666666667"
"Bulgaria",2011,"11.047833333333331","0.3235"
"Bulgaria",2012,"12.027583333333332","0.44366666666666665"
"Bulgaria",2013,"13.411874999999998","0.47724999999999995"
"Canada",1990,"-5.021916666666667","0.27125"
"Canada",1991,"-4.426666666666667","0.20866666666666667"
"Canada",1992,"-4.928916666666666","0.27166666666666667"
"Canada",1993,"-4.4014999999999995","0.2205"
"Canada",1994,"-4.433666666666667","0.24683333333333335"
"Canada",1995,"-4.314333333333334","0.22466666666666668"
"Canada",1996,"-4.941166666666667","0.22375"
"Canada",1997,"-4.2315","0.22225000000000003"
"Canada",1998,"-2.5539166666666664","0.22991666666666666"
"Canada",1999,"-3.1863333333333324","0.21825000000000003"
"Canada",2000,"-4.025916666666666","0.22466666666666668"
"Canada",2001,"-3.1000833333333326","0.23716666666666672"
"Canada",2002,"-4.362833333333334","0.23725"
"Canada",2003,"-3.8594999999999993","0.2635"
"Canada",2004,"-4.9230833333333335","0.23225000000000004"
"Canada",2005,"-3.30875","0.20508333333333337"
"Canada",2006,"-2.4601666666666664","0.22075"
"Canada",2007,"-4.060916666666667","0.21366666666666664"
"Canada",2008,"-4.29525","0.21991666666666668"
"Canada",2009,"-4.135083333333335","0.23183333333333334"
"Canada",2010,"-1.8879166666666662","0.21858333333333335"
"Canada",2011,"-3.557083333333333","0.23258333333333334"
"Canada",2012,"-3.176833333333334","0.30008333333333337"
"Canada",2013,"-1.640666666666666","0.5336666666666665"
"Chile",1990,"9.831249999999999","0.26916666666666667"
"Chile",1991,"9.725416666666666","0.24683333333333327"
"Chile",1992,"9.737749999999998","0.315"
"Chile",1993,"9.944583333333332","0.29325"
"Chile",1994,"10.054333333333334","0.3005833333333333"
"Chile",1995,"9.784916666666668","0.3124166666666667"
"Chile",1996,"9.758000000000001","0.2860833333333333"
"Chile",1997,"10.336999999999998","0.3305"
"Chile",1998,"10.292416666666668","0.3153333333333334"
"Chile",1999,"9.829583333333332","0.2763333333333334"
"Chile",2000,"9.564083333333333","0.26575"
"Chile",2001,"9.819666666666667","0.34966666666666674"
"Chile",2002,"9.742416666666665","0.28424999999999995"
"Chile",2003,"10.078416666666667","0.3326666666666667"
"Chile",2004,"10.205833333333333","0.2865833333333334"
"Chile",2005,"9.891833333333333","0.28425"
"Chile",2006,"10.174000000000001","0.34041666666666676"
"Chile",2007,"9.489916666666666","0.30791666666666667"
"Chile",2008,"10.1625","0.3223333333333333"
"Chile",2009,"9.994416666666666","0.28191666666666665"
"Chile",2010,"9.71283333333333","0.34"
"Chile",2011,"10.032250000000001","0.32225"
"Chile",2012,"10.272583333333335","0.38458333333333344"
"Chile",2013,"9.877374999999997","0.39387500000000003"
"China (People's Republic of)",1990,"7.635999999999998","0.18450000000000003"
"China (People's Republic of)",1991,"7.097166666666667","0.15558333333333332"
"China (People's Republic of)",1992,"6.858416666666667","0.19825"
"China (People's Republic of)",1993,"6.919416666666668","0.17266666666666666"
"China (People's Republic of)",1994,"7.4959999999999996","0.18458333333333335"
"China (People's Republic of)",1995,"7.2115833333333335","0.15808333333333333"
"China (People's Republic of)",1996,"6.962666666666667","0.15525"
"China (People's Republic of)",1997,"7.367333333333332","0.16383333333333333"
"China (People's Republic of)",1998,"8.051833333333333","0.13641666666666666"
"China (People's Republic of)",1999,"7.84025","0.151"
"China (People's Republic of)",2000,"7.238083333333333","0.17558333333333334"
"China (People's Republic of)",2001,"7.596416666666666","0.17425"
"China (People's Republic of)",2002,"7.7956666666666665","0.1688333333333333"
"China (People's Republic of)",2003,"7.522000000000001","0.21783333333333332"
"China (People's Republic of)",2004,"7.71275","0.19625"
"China (People's Republic of)",2005,"7.4135","0.169"
"China (People's Republic of)",2006,"7.948","0.18975"
"China (People's Republic of)",2007,"8.12675","0.13575"
"China (People's Republic of)",2008,"7.566083333333335","0.1711666666666667"
"China (People's Republic of)",2009,"7.8095","0.16908333333333334"
"China (People's Republic of)",2010,"7.548416666666665","0.19366666666666665"
"China (People's Republic of)",2011,"7.357083333333333","0.18233333333333332"
"China (People's Republic of)",2012,"7.077083333333332","0.26325000000000004"
"China (People's Republic of)",2013,"9.295","0.261625"
"Colombia",1990,"25.219166666666666","0.2961666666666667"
"Colombia",1991,"25.34183333333333","0.23516666666666666"
"Colombia",1992,"25.533583333333336","0.32441666666666663"
"Colombia",1993,"25.206416666666666","0.29983333333333334"
"Colombia",1994,"25.16241666666667","0.26849999999999996"
"Colombia",1995,"25.492833333333333","0.2563333333333333"
"Colombia",1996,"25.14991666666667","0.22783333333333336"
"Colombia",1997,"25.580000000000002","0.2668333333333333"
"Colombia",1998,"25.879166666666663","0.22624999999999998"
"Colombia",1999,"24.87066666666667","0.23249999999999996"
"Colombia",2000,"25.03016666666667","0.249"
"Colombia",2001,"25.411916666666666","0.28608333333333336"
"Colombia",2002,"25.57075","0.26133333333333336"
"Colombia",2003,"25.65533333333333","0.2889166666666667"
"Colombia",2004,"25.55391666666667","0.24433333333333337"
"Colombia",2005,"25.670833333333334","0.235"
"Colombia",2006,"25.476583333333338","0.2710833333333334"
"Colombia",2007,"25.494000000000003","0.21775"
"Colombia",2008,"25.153916666666664","0.24824999999999997"
"Colombia",2009,"25.61833333333333","0.27166666666666667"
"Colombia",2010,"25.68766666666667","0.28308333333333335"
"Colombia",2011,"25.246916666666667","0.2689166666666667"
"Colombia",2012,"25.381333333333334","0.3465"
"Colombia",2013,"25.579500000000003","0.39625000000000005"
"Costa Rica",1990,"26.290249999999997","0.39425000000000004"
"Costa Rica",1991,"26.28991666666667","0.27116666666666667"
"Costa Rica",1992,"26.361750000000004","0.43775000000000003"
"Costa Rica",1993,"26.319333333333333","0.37174999999999997"
"Costa Rica",1994,"26.425833333333333","0.31825000000000003"
"Costa Rica",1995,"26.292833333333334","0.40750000000000003"
"Costa Rica",1996,"25.962499999999995","0.41275"
"Costa Rica",1997,"26.806250000000002","0.40575000000000006"
"Costa Rica",1998,"26.974083333333336","0.34541666666666665"
"Costa Rica",1999,"25.864416666666667","0.3144166666666666"
"Costa Rica",2000,"26.072166666666664","0.33758333333333335"
"Costa Rica",2001,"26.114333333333335","0.3875"
"Costa Rica",2002,"26.306749999999997","0.3745"
"Costa Rica",2003,"26.577500000000004","0.3156666666666667"
"Costa Rica",2004,"26.528499999999998","0.319"
"Costa Rica",2005,"26.404250000000005","0.387"
"Costa Rica",2006,"26.514916666666664","0.33775"
"Costa Rica",2007,"26.38291666666667","0.4135833333333334"
"Costa Rica",2008,"26.056083333333337","0.2813333333333333"
"Costa Rica",2009,"26.522916666666664","0.33100000000000007"
"Costa Rica",2010,"26.22675","0.3955833333333334"
"Costa Rica",2011,"26.11341666666667","0.33558333333333334"
"Costa Rica",2012,"26.282","0.5913333333333333"
"Costa Rica",2013,"26.457555555555555","0.6118888888888888"
"Croatia",1990,"12.434416666666664","0.2896666666666667"
"Croatia",1991,"11.333249999999998","0.23808333333333334"
"Croatia",1992,"12.549083333333334","0.29191666666666666"
"Croatia",1993,"11.93158333333333","0.26899999999999996"
"Croatia",1994,"13.110000000000001","0.2543333333333333"
"Croatia",1995,"11.881749999999998","0.22658333333333333"
"Croatia",1996,"11.125750000000002","0.24541666666666664"
"Croatia",1997,"11.827416666666666","0.29875"
"Croatia",1998,"12.100916666666668","0.27558333333333335"
"Croatia",1999,"12.316500000000003","0.2364166666666667"
"Croatia",2000,"13.226416666666665","0.26166666666666666"
"Croatia",2001,"12.411","0.18983333333333338"
"Croatia",2002,"12.898916666666665","0.22716666666666666"
"Croatia",2003,"12.566999999999998","0.2600833333333333"
"Croatia",2004,"11.919416666666665","0.27008333333333334"
"Croatia",2005,"11.376249999999999","0.20916666666666664"
"Croatia",2006,"12.241666666666669","0.2621666666666667"
"Croatia",2007,"13.0665","0.23375"
"Croatia",2008,"12.977083333333338","0.2547500000000001"
"Croatia",2009,"12.87508333333333","0.2788333333333333"
"Croatia",2010,"11.960833333333333","0.24775"
"Croatia",2011,"12.755166666666668","0.2755"
"Croatia",2012,"12.973500000000001","0.3189166666666667"
"Croatia",2013,"13.589","0.34387500000000004"
"Cyprus",1990,"19.19441666666667","0.27475"
"Cyprus",1991,"19.08275","0.30516666666666664"
"Cyprus",1992,"18.04925","0.32075000000000004"
"Cyprus",1993,"18.948999999999995","0.2565"
"Cyprus",1994,"19.802000000000003","0.2550833333333334"
"Cyprus",1995,"19.078999999999997","0.25"
"Cyprus",1996,"19.475583333333333","0.2688333333333333"
"Cyprus",1997,"18.87625","0.2796666666666667"
"Cyprus",1998,"19.96408333333333","0.25216666666666665"
"Cyprus",1999,"20.07375","0.30049999999999993"
"Cyprus",2000,"19.441999999999997","0.29"
"Cyprus",2001,"20.011750000000003","0.26583333333333337"
"Cyprus",2002,"19.729166666666668","0.30591666666666667"
"Cyprus",2003,"19.735083333333336","0.2844166666666666"
"Cyprus",2004,"19.59575","0.31516666666666665"
"Cyprus",2005,"19.587083333333332","0.27249999999999996"
"Cyprus",2006,"19.540166666666668","0.2796666666666666"
"Cyprus",2007,"19.945333333333334","0.2501666666666667"
"Cyprus",2008,"20.144749999999995","0.23825"
"Cyprus",2009,"20.15733333333333","0.2683333333333333"
"Cyprus",2010,"20.952","0.22208333333333338"
"Cyprus",2011,"19.681916666666666","0.24475000000000002"
"Cyprus",2012,"20.012","0.4386666666666666"
"Cyprus",2013,"20.349875","0.7909999999999999"
"Czech Republic",1990,"8.962666666666665","0.24641666666666664"
"Czech Republic",1991,"7.771999999999999","0.20291666666666666"
"Czech Republic",1992,"9.103833333333332","0.24925"
"Czech Republic",1993,"8.142000000000001","0.23583333333333337"
"Czech Republic",1994,"9.452416666666666","0.21033333333333334"
"Czech Republic",1995,"8.41175","0.19766666666666668"
"Czech Republic",1996,"6.850083333333334","0.19249999999999998"
"Czech Republic",1997,"8.139333333333333","0.227"
"Czech Republic",1998,"8.696","0.1939166666666667"
"Czech Republic",1999,"8.897250000000001","0.20258333333333334"
"Czech Republic",2000,"9.659","0.22808333333333333"
"Czech Republic",2001,"8.378833333333333","0.22175000000000003"
"Czech Republic",2002,"9.203666666666667","0.2045833333333333"
"Czech Republic",2003,"8.871333333333334","0.23691666666666666"
"Czech Republic",2004,"8.445916666666665","0.22374999999999998"
"Czech Republic",2005,"8.327916666666665","0.19591666666666666"
"Czech Republic",2006,"8.865333333333334","0.2643333333333333"
"Czech Republic",2007,"9.601333333333333","0.20274999999999999"
"Czech Republic",2008,"9.41475","0.19025"
"Czech Republic",2009,"8.965666666666666","0.23483333333333334"
"Czech Republic",2010,"7.75225","0.23791666666666664"
"Czech Republic",2011,"9.172166666666666","0.25125"
"Czech Republic",2012,"8.927583333333335","0.30716666666666664"
"Czech Republic",2013,"9.281","0.30824999999999997"
"Denmark",1990,"-17.87033333333333","0.5906666666666667"
"Denmark",1991,"-17.827916666666663","0.55325"
"Denmark",1992,"-19.000416666666666","0.5900833333333333"
"Denmark",1993,"-18.716166666666666","0.5491666666666667"
"Denmark",1994,"-18.085416666666667","0.6011666666666667"
"Denmark",1995,"-17.69783333333333","0.7613333333333333"
"Denmark",1996,"-16.80566666666667","0.6806666666666666"
"Denmark",1997,"-17.455333333333336","0.6166666666666667"
"Denmark",1998,"-16.620916666666663","0.7848333333333333"
"Denmark",1999,"-17.699083333333334","0.6765"
"Denmark",2000,"-16.8245","0.9110833333333334"
"Denmark",2001,"-17.06775","0.6745"
"Denmark",2002,"-16.291083333333336","0.7665000000000001"
"Denmark",2003,"-15.747083333333334","0.7151666666666667"
"Denmark",2004,"-16.770583333333335","0.7045833333333333"
"Denmark",2005,"-15.643","0.60475"
"Denmark",2006,"-16.574333333333332","0.7691666666666667"
"Denmark",2007,"-16.533083333333334","0.7951666666666667"
"Denmark",2008,"-16.843333333333334","0.6279166666666667"
"Denmark",2009,"-16.78316666666667","0.6805833333333333"
"Denmark",2010,"-15.085749999999999","0.7157499999999999"
"Denmark",2011,"-16.641416666666665","0.61675"
"Denmark",2012,"-16.260916666666667","0.9488333333333333"
"Denmark",2013,"-14.927249999999999","0.9825"
"Estonia",1990,"6.698583333333332","0.36508333333333337"
"Estonia",1991,"6.2580833333333326","0.2530833333333333"
"Estonia",1992,"6.401833333333333","0.29150000000000004"
"Estonia",1993,"5.146250000000001","0.2629166666666667"
"Estonia",1994,"5.252250000000001","0.26749999999999996"
"Estonia",1995,"6.165833333333333","0.21791666666666668"
"Estonia",1996,"4.5785","0.21075"
"Estonia",1997,"5.778333333333333","0.26533333333333337"
"Estonia",1998,"5.361416666666668","0.24524999999999997"
"Estonia",1999,"6.456833333333332","0.23208333333333334"
"Estonia",2000,"7.00875","0.23666666666666666"
"Estonia",2001,"5.972999999999999","0.227"
"Estonia",2002,"6.211583333333333","0.21391666666666664"
"Estonia",2003,"5.662166666666667","0.2781666666666666"
"Estonia",2004,"5.940833333333334","0.22333333333333336"
"Estonia",2005,"6.0014166666666675","0.22708333333333333"
"Estonia",2006,"6.531833333333332","0.26158333333333333"
"Estonia",2007,"6.830833333333332","0.21766666666666665"
"Estonia",2008,"7.267833333333333","0.24483333333333338"
"Estonia",2009,"6.061833333333333","0.27666666666666667"
"Estonia",2010,"5.043","0.2798333333333333"
"Estonia",2011,"6.865333333333333","0.2836666666666667"
"Estonia",2012,"5.486","0.2960833333333333"
"Estonia",2013,"6.961749999999999","0.32525"
"Finland",1990,"2.943250000000001","0.26458333333333334"
"Finland",1991,"2.3282499999999997","0.21541666666666667"
"Finland",1992,"2.6495833333333336","0.2643333333333333"
"Finland",1993,"1.7829166666666667","0.21108333333333332"
"Finland",1994,"1.7739166666666673","0.22408333333333338"
"Finland",1995,"2.3540833333333335","0.23258333333333334"
"Finland",1996,"1.6930833333333333","0.17675"
"Finland",1997,"2.2275833333333335","0.22858333333333336"
"Finland",1998,"1.22675","0.22108333333333333"
"Finland",1999,"2.3225000000000007","0.22725000000000004"
"Finland",2000,"3.590666666666668","0.24575000000000002"
"Finland",2001,"2.09525","0.24050000000000002"
"Finland",2002,"2.230166666666666","0.21750000000000003"
"Finland",2003,"2.499833333333333","0.2741666666666666"
"Finland",2004,"2.6147499999999995","0.23850000000000002"
"Finland",2005,"3.23025","0.2195"
"Finland",2006,"2.8921666666666677","0.23016666666666663"
"Finland",2007,"3.092333333333334","0.21408333333333332"
"Finland",2008,"3.2009166666666666","0.21483333333333335"
"Finland",2009,"2.4392500000000004","0.24891666666666667"
"Finland",2010,"1.1437499999999998","0.2548333333333333"
"Finland",2011,"3.541166666666667","0.2575"
"Finland",2012,"1.9072499999999994","0.35241666666666666"
"Finland",2013,"4.064125","0.4185"
"France",1990,"14.038833333333335","0.23841666666666672"
"France",1991,"13.139499999999998","0.20316666666666663"
"France",1992,"13.462916666666667","0.259"
"France",1993,"13.150166666666665","0.22191666666666665"
"France",1994,"14.15616666666667","0.228"
"France",1995,"13.899749999999997","0.21091666666666667"
"France",1996,"13.013916666666667","0.20258333333333334"
"France",1997,"14.095999999999998","0.23683333333333337"
"France",1998,"13.720666666666666","0.1925"
"France",1999,"13.904916666666665","0.19066666666666665"
"France",2000,"13.967333333333334","0.22783333333333333"
"France",2001,"13.6965","0.2181666666666667"
"France",2002,"14.048166666666667","0.2086666666666667"
"France",2003,"14.337916666666667","0.2710833333333334"
"France",2004,"13.66408333333333","0.2285"
"France",2005,"13.694250000000002","0.19833333333333336"
"France",2006,"14.143833333333333","0.23075"
"France",2007,"13.896583333333334","0.1970833333333333"
"France",2008,"13.581499999999998","0.19425"
"France",2009,"13.941666666666665","0.2046666666666667"
"France",2010,"13.115416666666667","0.20799999999999996"
"France",2011,"14.479583333333336","0.211"
"France",2012,"13.707166666666666","0.28316666666666673"
"France",2013,"13.584625","0.3085"
"Germany",1990,"9.6895","0.21966666666666668"
"Germany",1991,"8.523083333333334","0.17758333333333334"
"Germany",1992,"9.505833333333333","0.25533333333333336"
"Germany",1993,"8.6335","0.17983333333333332"
"Germany",1994,"9.847000000000001","0.18425000000000002"
"Germany",1995,"9.033499999999998","0.17508333333333337"
"Germany",1996,"7.374416666666668","0.16991666666666663"
"Germany",1997,"9.048666666666666","0.19241666666666665"
"Germany",1998,"9.17175","0.15633333333333335"
"Germany",1999,"9.620750000000001","0.15991666666666668"
"Germany",2000,"10.020416666666666","0.19541666666666668"
"Germany",2001,"9.090416666666666","0.18475"
"Germany",2002,"9.637333333333334","0.16008333333333333"
"Germany",2003,"9.494250000000001","0.22483333333333333"
"Germany",2004,"9.053416666666665","0.19825000000000004"
"Germany",2005,"9.128416666666665","0.16483333333333333"
"Germany",2006,"9.706","0.2120833333333333"
"Germany",2007,"9.9975","0.17616666666666667"
"Germany",2008,"9.642166666666666","0.19516666666666668"
"Germany",2009,"9.359166666666667","0.2006666666666667"
"Germany",2010,"8.008999999999999","0.1875"
"Germany",2011,"9.819583333333334","0.20016666666666663"
"Germany",2012,"9.227166666666665","0.24450000000000002"
"Germany",2013,"9.23525","0.22524999999999998"
"Greece",1990,"15.499333333333333","0.29808333333333337"
"Greece",1991,"14.412833333333333","0.2549166666666666"
"Greece",1992,"14.785333333333334","0.29158333333333336"
"Greece",1993,"15.040583333333332","0.28174999999999994"
"Greece",1994,"16.044666666666668","0.32299999999999995"
"Greece",1995,"15.102250000000003","0.2544166666666667"
"Greece",1996,"14.84675","0.20316666666666663"
"Greece",1997,"14.763250000000001","0.24566666666666667"
"Greece",1998,"15.506083333333335","0.24991666666666665"
"Greece",1999,"15.99216666666667","0.25275000000000003"
"Greece",2000,"15.673333333333332","0.24016666666666667"
"Greece",2001,"15.931583333333334","0.2615"
"Greece",2002,"15.622333333333335","0.27166666666666667"
"Greece",2003,"15.472583333333333","0.27375000000000005"
"Greece",2004,"15.455666666666666","0.23099999999999998"
"Greece",2005,"15.175333333333334","0.21716666666666665"
"Greece",2006,"15.21266666666667","0.2793333333333333"
"Greece",2007,"16.083250000000003","0.2336666666666667"
"Greece",2008,"16.054916666666667","0.21799999999999997"
"Greece",2009,"15.956166666666666","0.2454166666666667"
"Greece",2010,"16.37125","0.28350000000000003"
"Greece",2011,"15.261333333333331","0.2866666666666667"
"Greece",2012,"16.0395","0.3446666666666667"
"Greece",2013,"17.1535","0.39075000000000004"
"Hungary",1990,"10.920333333333334","0.2770833333333333"
"Hungary",1991,"9.680166666666667","0.23658333333333337"
"Hungary",1992,"10.996333333333332","0.30774999999999997"
"Hungary",1993,"10.120916666666668","0.23816666666666664"
"Hungary",1994,"11.545416666666666","0.25658333333333333"
"Hungary",1995,"10.30275","0.23324999999999996"
"Hungary",1996,"9.357000000000001","0.2611666666666667"
"Hungary",1997,"9.871916666666666","0.25558333333333333"
"Hungary",1998,"10.361833333333333","0.2535"
"Hungary",1999,"10.655","0.26525"
"Hungary",2000,"11.700333333333335","0.275"
"Hungary",2001,"10.523749999999998","0.23575000000000002"
"Hungary",2002,"11.432083333333333","0.2346666666666667"
"Hungary",2003,"10.597916666666668","0.29625"
"Hungary",2004,"10.311499999999999","0.2649166666666667"
"Hungary",2005,"9.942583333333332","0.24608333333333332"
"Hungary",2006,"10.629083333333336","0.29625"
"Hungary",2007,"11.70725","0.2528333333333333"
"Hungary",2008,"11.531083333333333","0.2568333333333334"
"Hungary",2009,"11.381083333333335","0.29816666666666664"
"Hungary",2010,"10.347833333333334","0.2654166666666667"
"Hungary",2011,"10.876999999999997","0.31216666666666665"
"Hungary",2012,"11.293666666666667","0.36175"
"Hungary",2013,"12.3015","0.32025"
"Iceland",1990,"1.77475","0.31525"
"Iceland",1991,"2.5400833333333335","0.3159999999999999"
"Iceland",1992,"1.7690833333333333","0.3511666666666667"
"Iceland",1993,"1.7032499999999997","0.3520000000000001"
"Iceland",1994,"1.5843333333333334","0.33125000000000004"
"Iceland",1995,"1.0682500000000001","0.2891666666666667"
"Iceland",1996,"2.3195","0.36158333333333337"
"Iceland",1997,"2.223666666666666","0.3988333333333333"
"Iceland",1998,"1.60775","0.32558333333333334"
"Iceland",1999,"1.84225","0.30224999999999996"
"Iceland",2000,"2.10325","0.34041666666666665"
"Iceland",2001,"2.364916666666667","0.3289166666666667"
"Iceland",2002,"2.6658333333333335","0.367"
"Iceland",2003,"3.3408333333333338","0.39791666666666664"
"Iceland",2004,"2.9484166666666667","0.3794166666666667"
"Iceland",2005,"2.2003333333333335","0.397"
"Iceland",2006,"2.6824999999999997","0.42225"
"Iceland",2007,"2.5614166666666667","0.34991666666666665"
"Iceland",2008,"2.3129166666666663","0.34424999999999994"
"Iceland",2009,"2.464","0.34575"
"Iceland",2010,"2.6764166666666664","0.3609166666666666"
"Iceland",2011,"2.315416666666667","0.33258333333333334"
"Iceland",2012,"2.463416666666667","0.5209166666666666"
"Iceland",2013,"2.9202500000000002","0.61975"
"India",1990,"24.178166666666666","0.23633333333333328"
"India",1991,"24.31175","0.18575"
"India",1992,"24.222916666666663","0.21608333333333332"
"India",1993,"24.408666666666665","0.21525000000000002"
"India",1994,"24.29641666666667","0.23191666666666663"
"India",1995,"24.429749999999995","0.1885833333333333"
"India",1996,"24.436916666666672","0.1850833333333333"
"India",1997,"24.04733333333333","0.22308333333333338"
"India",1998,"24.755416666666665","0.16466666666666666"
"India",1999,"24.659833333333335","0.17108333333333334"
"India",2000,"24.498","0.20025"
"India",2001,"24.581916666666668","0.20258333333333334"
"India",2002,"24.913","0.19375"
"India",2003,"24.649916666666666","0.2565"
"India",2004,"24.634583333333328","0.19899999999999998"
"India",2005,"24.495416666666667","0.18158333333333332"
"India",2006,"24.732083333333332","0.21883333333333332"
"India",2007,"24.649916666666666","0.1759166666666667"
"India",2008,"24.406000000000006","0.17808333333333334"
"India",2009,"25.146666666666658","0.165"
"India",2010,"25.05083333333333","0.2068333333333333"
"India",2011,"24.41558333333333","0.21333333333333335"
"India",2012,"24.640833333333337","0.2709166666666667"
"India",2013,"25.41325","0.2935"
"Indonesia",1990,"26.237833333333338","0.2775"
"Indonesia",1991,"26.075166666666664","0.18658333333333332"
"Indonesia",1992,"26.17016666666667","0.21241666666666661"
"Indonesia",1993,"26.138833333333334","0.16833333333333333"
"Indonesia",1994,"26.08425","0.18858333333333333"
"Indonesia",1995,"26.229666666666663","0.159"
"Indonesia",1996,"26.215000000000003","0.13825"
"Indonesia",1997,"26.371916666666664","0.18699999999999997"
"Indonesia",1998,"26.75475","0.15608333333333335"
"Indonesia",1999,"26.133499999999998","0.158"
"Indonesia",2000,"26.190250000000002","0.18366666666666664"
"Indonesia",2001,"26.32975","0.18841666666666668"
"Indonesia",2002,"26.529","0.1900833333333333"
"Indonesia",2003,"26.445500000000006","0.22191666666666662"
"Indonesia",2004,"26.43483333333333","0.19799999999999998"
"Indonesia",2005,"26.453749999999996","0.1825"
"Indonesia",2006,"26.38175","0.21274999999999997"
"Indonesia",2007,"26.29308333333334","0.18058333333333332"
"Indonesia",2008,"26.065250000000002","0.16733333333333336"
"Indonesia",2009,"26.455000000000002","0.1975"
"Indonesia",2010,"26.537000000000003","0.20483333333333334"
"Indonesia",2011,"26.202250000000003","0.19458333333333336"
"Indonesia",2012,"26.322083333333335","0.24458333333333335"
"Indonesia",2013,"26.467","0.21224999999999997"
"Iran",1990,"18.42641666666667","0.3093333333333334"
"Iran",1991,"18.02925","0.21283333333333335"
"Iran",1992,"16.94975","0.2565"
"Iran",1993,"17.741083333333332","0.2344166666666667"
"Iran",1994,"18.386","0.2141666666666667"
"Iran",1995,"18.407916666666665","0.22150000000000003"
"Iran",1996,"18.206416666666666","0.19233333333333333"
"Iran",1997,"18.30325","0.1991666666666667"
"Iran",1998,"19.16991666666667","0.21233333333333335"
"Iran",1999,"19.15791666666667","0.21091666666666667"
"Iran",2000,"18.892083333333336","0.2041666666666667"
"Iran",2001,"19.473833333333335","0.264"
"Iran",2002,"19.142416666666666","0.27625"
"Iran",2003,"18.915166666666668","0.3359166666666667"
"Iran",2004,"19.149916666666666","0.2624166666666667"
"Iran",2005,"18.806666666666665","0.28691666666666665"
"Iran",2006,"19.211916666666667","0.2841666666666667"
"Iran",2007,"18.74041666666667","0.24508333333333332"
"Iran",2008,"18.90491666666667","0.2524166666666667"
"Iran",2009,"19.109499999999997","0.2479166666666667"
"Iran",2010,"20.09016666666667","0.26166666666666666"
"Iran",2011,"18.915416666666665","0.2695833333333333"
"Iran",2012,"18.959666666666664","0.2889166666666667"
"Iran",2013,"20.541000000000004","0.5796250000000001"
"Ireland",1990,"10.312666666666667","0.22558333333333333"
"Ireland",1991,"9.825166666666668","0.21025000000000002"
"Ireland",1992,"9.789","0.25466666666666665"
"Ireland",1993,"9.641583333333333","0.20966666666666664"
"Ireland",1994,"9.884833333333335","0.22341666666666668"
"Ireland",1995,"10.518916666666668","0.20824999999999996"
"Ireland",1996,"9.591166666666666","0.21958333333333332"
"Ireland",1997,"10.6835","0.23058333333333333"
"Ireland",1998,"10.4595","0.1955"
"Ireland",1999,"10.458166666666669","0.19833333333333333"
"Ireland",2000,"10.13075","0.23858333333333334"
"Ireland",2001,"10.023083333333334","0.22766666666666668"
"Ireland",2002,"10.420666666666667","0.2235"
"Ireland",2003,"10.522416666666667","0.27399999999999997"
"Ireland",2004,"10.439083333333334","0.23650000000000004"
"Ireland",2005,"10.575750000000001","0.24133333333333332"
"Ireland",2006,"10.654166666666667","0.22958333333333333"
"Ireland",2007,"10.842666666666666","0.21599999999999997"
"Ireland",2008,"10.15875","0.24125"
"Ireland",2009,"10.157250000000001","0.2601666666666667"
"Ireland",2010,"9.258166666666666","0.26233333333333336"
"Ireland",2011,"10.345416666666667","0.26916666666666667"
"Ireland",2012,"10.035833333333333","0.32666666666666666"
"Ireland",2013,"9.97475","0.42224999999999996"
"Israel",1990,"20.129833333333334","0.25275"
"Israel",1991,"20.021916666666666","0.2413333333333333"
"Israel",1992,"19.028666666666666","0.29316666666666674"
"Israel",1993,"19.97541666666667","0.22458333333333333"
"Israel",1994,"20.500333333333334","0.2619166666666667"
"Israel",1995,"20.043333333333333","0.23374999999999999"
"Israel",1996,"20.52808333333333","0.24791666666666665"
"Israel",1997,"19.82316666666667","0.2644166666666667"
"Israel",1998,"20.966416666666664","0.2549166666666667"
"Israel",1999,"20.892166666666665","0.29333333333333333"
"Israel",2000,"20.230416666666667","0.2614166666666667"
"Israel",2001,"20.929750000000002","0.2538333333333333"
"Israel",2002,"20.728333333333335","0.25458333333333333"
"Israel",2003,"20.614","0.2945833333333333"
"Israel",2004,"20.4905","0.23216666666666672"
"Israel",2005,"20.437749999999998","0.21675"
"Israel",2006,"20.409166666666668","0.25608333333333333"
"Israel",2007,"20.701583333333332","0.24308333333333335"
"Israel",2008,"20.930083333333336","0.25649999999999995"
"Israel",2009,"20.831416666666666","0.29000000000000004"
"Israel",2010,"22.311166666666665","0.25175"
"Israel",2011,"20.331249999999997","0.25366666666666665"
"Israel",2012,"21.006083333333333","0.33949999999999997"
"Israel",2013,"21.222375","0.888125"
"Italy",1990,"13.716916666666664","0.20516666666666664"
"Italy",1991,"12.853499999999999","0.18308333333333335"
"Italy",1992,"13.58175","0.24258333333333337"
"Italy",1993,"13.409666666666666","0.2143333333333333"
"Italy",1994,"14.284833333333333","0.22758333333333336"
"Italy",1995,"13.234083333333333","0.19941666666666666"
"Italy",1996,"13.007","0.21141666666666667"
"Italy",1997,"13.838833333333332","0.2253333333333333"
"Italy",1998,"13.662333333333336","0.23149999999999996"
"Italy",1999,"13.763","0.19750000000000004"
"Italy",2000,"14.1255","0.2385833333333333"
"Italy",2001,"13.954250000000002","0.219"
"Italy",2002,"13.934","0.19933333333333333"
"Italy",2003,"14.296916666666668","0.2496666666666667"
"Italy",2004,"13.559833333333332","0.2101666666666667"
"Italy",2005,"13.028583333333332","0.2104166666666667"
"Italy",2006,"13.787333333333335","0.24441666666666664"
"Italy",2007,"14.073333333333336","0.20858333333333334"
"Italy",2008,"13.881250000000001","0.19841666666666669"
"Italy",2009,"14.052916666666667","0.2430833333333334"
"Italy",2010,"13.324916666666669","0.23925"
"Italy",2011,"14.173166666666667","0.2704166666666667"
"Italy",2012,"14.079","0.3425"
"Italy",2013,"14.165","0.383625"
"Japan",1990,"13.590583333333333","0.20275"
"Japan",1991,"12.783166666666666","0.15958333333333333"
"Japan",1992,"12.484250000000001","0.22125000000000003"
"Japan",1993,"12.055166666666667","0.17466666666666664"
"Japan",1994,"13.229749999999997","0.1719166666666667"
"Japan",1995,"12.475416666666668","0.16266666666666668"
"Japan",1996,"12.082833333333335","0.15641666666666665"
"Japan",1997,"12.752416666666667","0.17341666666666666"
"Japan",1998,"13.244750000000002","0.15275"
"Japan",1999,"13.080083333333333","0.15966666666666668"
"Japan",2000,"12.833833333333336","0.1865833333333334"
"Japan",2001,"12.450000000000001","0.17583333333333329"
"Japan",2002,"12.837333333333333","0.16316666666666668"
"Japan",2003,"12.507","0.21999999999999997"
"Japan",2004,"13.435666666666668","0.17116666666666666"
"Japan",2005,"12.555916666666668","0.15675"
"Japan",2006,"12.757083333333334","0.19974999999999998"
"Japan",2007,"13.192166666666665","0.17341666666666666"
"Japan",2008,"12.874916666666666","0.18375"
"Japan",2009,"12.933833333333332","0.20158333333333334"
"Japan",2010,"13.215583333333333","0.18758333333333332"
"Japan",2011,"12.737749999999998","0.19025"
"Japan",2012,"12.565666666666667","0.2569166666666666"
"Japan",2013,"12.96475","0.332125"
"Kazakhstan",1990,"6.555750000000001","0.239"
"Kazakhstan",1991,"6.471","0.2054166666666667"
"Kazakhstan",1992,"5.809666666666668","0.256"
"Kazakhstan",1993,"4.7022499999999985","0.2583333333333333"
"Kazakhstan",1994,"5.536500000000001","0.25475000000000003"
"Kazakhstan",1995,"7.335333333333335","0.2589166666666667"
"Kazakhstan",1996,"5.100833333333333","0.25925000000000004"
"Kazakhstan",1997,"7.065333333333334","0.29791666666666666"
"Kazakhstan",1998,"6.248916666666667","0.261"
"Kazakhstan",1999,"6.975499999999999","0.27775"
"Kazakhstan",2000,"6.761416666666668","0.27258333333333334"
"Kazakhstan",2001,"6.813083333333334","0.2860833333333333"
"Kazakhstan",2002,"7.301583333333333","0.30274999999999996"
"Kazakhstan",2003,"6.1314166666666665","0.32075"
"Kazakhstan",2004,"7.393000000000001","0.2784166666666667"
"Kazakhstan",2005,"6.998833333333334","0.23566666666666666"
"Kazakhstan",2006,"6.869833333333332","0.2594166666666667"
"Kazakhstan",2007,"7.155166666666666","0.2575"
"Kazakhstan",2008,"7.0289166666666665","0.2475833333333333"
"Kazakhstan",2009,"6.382083333333333","0.24641666666666662"
"Kazakhstan",2010,"6.710000000000001","0.25875000000000004"
"Kazakhstan",2011,"5.69625","0.2946666666666667"
"Kazakhstan",2012,"6.075416666666668","0.4486666666666666"
"Kazakhstan",2013,"8.93725","0.43624999999999997"
"Latvia",1990,"7.325666666666667","0.2753333333333333"
"Latvia",1991,"6.689916666666666","0.21550000000000002"
"Latvia",1992,"6.920083333333332","0.25666666666666665"
"Latvia",1993,"5.639916666666667","0.22433333333333336"
"Latvia",1994,"5.9385","0.23491666666666666"
"Latvia",1995,"6.566333333333333","0.18725"
"Latvia",1996,"4.967","0.23091666666666663"
"Latvia",1997,"6.232083333333333","0.23975"
"Latvia",1998,"5.99775","0.21191666666666667"
"Latvia",1999,"7.108916666666668","0.21175"
"Latvia",2000,"7.497083333333333","0.23325000000000004"
"Latvia",2001,"6.53925","0.22666666666666668"
"Latvia",2002,"6.917583333333332","0.234"
"Latvia",2003,"6.2772499999999996","0.2776666666666667"
"Latvia",2004,"6.334083333333333","0.23108333333333328"
"Latvia",2005,"6.3745","0.24841666666666665"
"Latvia",2006,"6.970583333333333","0.2600833333333333"
"Latvia",2007,"7.2789166666666665","0.23925"
"Latvia",2008,"7.681083333333334","0.21183333333333335"
"Latvia",2009,"6.559333333333332","0.2645"
"Latvia",2010,"5.711083333333334","0.2635"
"Latvia",2011,"7.2452499999999995","0.2775"
"Latvia",2012,"6.043333333333334","0.31266666666666665"
"Latvia",2013,"7.322375","0.37025"
"Liechtenstein",1990,"5.91725","0.4313333333333333"
"Liechtenstein",1991,"4.932999999999999","0.2770000000000001"
"Liechtenstein",1992,"5.910666666666668","0.40158333333333335"
"Liechtenstein",1993,"5.333833333333334","0.4841666666666667"
"Liechtenstein",1994,"6.637583333333333","0.3495"
"Liechtenstein",1995,"5.334583333333335","0.37316666666666665"
"Liechtenstein",1996,"4.48675","0.3850833333333334"
"Liechtenstein",1997,"5.79325","0.4929166666666667"
"Liechtenstein",1998,"5.663833333333334","0.3735"
"Liechtenstein",1999,"5.546083333333333","0.2951666666666667"
"Liechtenstein",2000,"6.32875","0.3850833333333333"
"Liechtenstein",2001,"5.588416666666667","0.3779166666666667"
"Liechtenstein",2002,"6.263666666666668","0.3219166666666667"
"Liechtenstein",2003,"6.124666666666667","0.32175"
"Liechtenstein",2004,"5.430416666666667","0.30241666666666667"
"Liechtenstein",2005,"5.012999999999999","0.2846666666666667"
"Liechtenstein",2006,"5.941166666666667","0.31425000000000003"
"Liechtenstein",2007,"6.279250000000001","0.27166666666666667"
"Liechtenstein",2008,"5.9422500000000005","0.32116666666666666"
"Liechtenstein",2009,"5.8935","0.3480833333333333"
"Liechtenstein",2010,"4.847833333333333","0.2924166666666667"
"Liechtenstein",2011,"6.563083333333334","0.32075000000000004"
"Liechtenstein",2012,"5.876083333333334","0.441"
"Liechtenstein",2013,"6.002375","0.47800000000000004"
"Lithuania",1990,"7.978416666666667","0.22216666666666665"
"Lithuania",1991,"7.091583333333333","0.18775"
"Lithuania",1992,"7.468250000000001","0.24325000000000005"
"Lithuania",1993,"6.241749999999999","0.22474999999999998"
"Lithuania",1994,"6.809416666666667","0.19791666666666663"
"Lithuania",1995,"7.0073333333333325","0.18591666666666665"
"Lithuania",1996,"5.405583333333333","0.1990833333333333"
"Lithuania",1997,"6.72675","0.20891666666666672"
"Lithuania",1998,"6.6531666666666665","0.17708333333333334"
"Lithuania",1999,"7.678250000000001","0.1955"
"Lithuania",2000,"8.107666666666665","0.21108333333333332"
"Lithuania",2001,"7.120416666666666","0.19933333333333333"
"Lithuania",2002,"7.706083333333332","0.2084166666666667"
"Lithuania",2003,"6.830333333333335","0.25133333333333335"
"Lithuania",2004,"6.835333333333334","0.22783333333333333"
"Lithuania",2005,"6.920999999999999","0.2091666666666667"
"Lithuania",2006,"7.422","0.24808333333333335"
"Lithuania",2007,"7.853999999999999","0.2161666666666667"
"Lithuania",2008,"8.175333333333333","0.20399999999999996"
"Lithuania",2009,"7.0960833333333335","0.22975"
"Lithuania",2010,"6.3258333333333345","0.25"
"Lithuania",2011,"7.634999999999999","0.23958333333333337"
"Lithuania",2012,"6.723583333333333","0.2995833333333333"
"Lithuania",2013,"7.804","0.359125"
"Luxembourg",1990,"10.590916666666667","0.24883333333333335"
"Luxembourg",1991,"9.453083333333334","0.18383333333333332"
"Luxembourg",1992,"10.223833333333332","0.26358333333333334"
"Luxembourg",1993,"9.652750000000001","0.18075"
"Luxembourg",1994,"10.822166666666668","0.20033333333333334"
"Luxembourg",1995,"10.342666666666666","0.19583333333333333"
"Luxembourg",1996,"8.652583333333334","0.18300000000000002"
"Luxembourg",1997,"10.167","0.21566666666666667"
"Luxembourg",1998,"9.995416666666666","0.17850000000000002"
"Luxembourg",1999,"10.542333333333334","0.2055"
"Luxembourg",2000,"10.79275","0.23149999999999996"
"Luxembourg",2001,"10.206583333333333","0.2330833333333333"
"Luxembourg",2002,"10.714","0.17316666666666666"
"Luxembourg",2003,"10.700583333333332","0.23424999999999999"
"Luxembourg",2004,"9.983083333333333","0.19574999999999998"
"Luxembourg",2005,"10.308083333333334","0.16958333333333334"
"Luxembourg",2006,"10.730333333333332","0.2303333333333333"
"Luxembourg",2007,"10.761666666666668","0.18741666666666665"
"Luxembourg",2008,"10.128666666666666","0.21699999999999997"
"Luxembourg",2009,"10.328083333333334","0.21683333333333332"
"Luxembourg",2010,"9.134666666666666","0.19108333333333336"
"Luxembourg",2011,"11.032000000000002","0.22158333333333335"
"Luxembourg",2012,"10.10925","0.26791666666666675"
"Luxembourg",2013,"9.90025","0.23375"
"Malta",1990,"19.561749999999996","0.32591666666666663"
"Malta",1991,"18.590083333333336","0.38366666666666677"
"Malta",1992,"18.832083333333333","0.39399999999999996"
"Malta",1993,"19.05125","0.318"
"Malta",1994,"19.837666666666667","0.3239166666666667"
"Malta",1995,"19.072750000000003","0.4025833333333333"
"Malta",1996,"18.962416666666666","0.31975000000000003"
"Malta",1997,"19.396666666666672","0.38050000000000006"
"Malta",1998,"19.311083333333332","0.34558333333333335"
"Malta",1999,"19.842","0.3089166666666667"
"Malta",2000,"19.609166666666663","0.32866666666666666"
"Malta",2001,"19.90966666666667","0.3174166666666666"
"Malta",2002,"19.551833333333335","0.3005"
"Malta",2003,"19.756583333333335","0.35883333333333334"
"Malta",2004,"19.171166666666668","0.39399999999999996"
"Malta",2005,"18.875083333333336","0.38600000000000007"
"Malta",2006,"19.601333333333333","0.4323333333333334"
"Malta",2007,"19.749916666666664","0.3518333333333333"
"Malta",2008,"19.81816666666667","0.3914166666666667"
"Malta",2009,"19.57925","0.38808333333333334"
"Malta",2010,"19.664416666666664","0.3625"
"Malta",2011,"19.3135","0.3865"
"Malta",2012,"19.829166666666666","0.51875"
"Malta",2013,"19.437375000000003","0.563625"
"Mexico",1990,"20.96083333333333","0.21025000000000002"
"Mexico",1991,"20.83966666666667","0.18391666666666664"
"Mexico",1992,"20.650333333333332","0.23491666666666666"
"Mexico",1993,"20.938833333333335","0.19258333333333333"
"Mexico",1994,"21.32575","0.2145"
"Mexico",1995,"21.37066666666667","0.19225000000000003"
"Mexico",1996,"21.132166666666667","0.21275000000000002"
"Mexico",1997,"20.898583333333335","0.1970833333333333"
"Mexico",1998,"21.53175","0.17825"
"Mexico",1999,"21.1285","0.22875"
"Mexico",2000,"21.232083333333332","0.23083333333333333"
"Mexico",2001,"21.133","0.24750000000000003"
"Mexico",2002,"21.225","0.2376666666666667"
"Mexico",2003,"21.32941666666667","0.2685"
"Mexico",2004,"20.924833333333336","0.20850000000000002"
"Mexico",2005,"21.4135","0.19425000000000003"
"Mexico",2006,"21.41808333333334","0.2366666666666667"
"Mexico",2007,"21.079333333333334","0.20600000000000004"
"Mexico",2008,"21.085250000000002","0.1995"
"Mexico",2009,"21.54608333333334","0.20591666666666664"
"Mexico",2010,"20.852916666666665","0.21775000000000003"
"Mexico",2011,"21.599333333333334","0.24533333333333338"
"Mexico",2012,"21.652416666666667","0.3245"
"Mexico",2013,"22.219222222222225","0.36511111111111105"
"Monaco",1990,"10.135333333333335","0.31825"
"Monaco",1991,"9.468333333333332","0.22324999999999998"
"Monaco",1992,"9.897916666666669","0.40975"
"Monaco",1993,"9.551666666666668","0.35424999999999995"
"Monaco",1994,"10.569583333333332","0.3166666666666667"
"Monaco",1995,"9.756583333333333","0.327"
"Monaco",1996,"9.278583333333332","0.30083333333333334"
"Monaco",1997,"10.368083333333333","0.3275"
"Monaco",1998,"9.889249999999999","0.347"
"Monaco",1999,"9.993333333333334","0.2866666666666667"
"Monaco",2000,"10.2295","0.2866666666666667"
"Monaco",2001,"10.211833333333333","0.2665"
"Monaco",2002,"10.260166666666665","0.27075"
"Monaco",2003,"10.726083333333333","0.32933333333333337"
"Monaco",2004,"9.93825","0.286"
"Monaco",2005,"9.518416666666667","0.22991666666666666"
"Monaco",2006,"10.454916666666664","0.33549999999999996"
"Monaco",2007,"10.411","0.3455"
"Monaco",2008,"9.97425","0.24733333333333332"
"Monaco",2009,"10.429416666666667","0.32691666666666663"
"Monaco",2010,"9.223666666666665","0.2958333333333333"
"Monaco",2011,"10.723500000000001","0.32525"
"Monaco",2012,"10.248666666666667","0.36575"
"Monaco",2013,"10.417","0.5277499999999999"
"Netherlands",1990,"11.000333333333332","0.24"
"Netherlands",1991,"9.751249999999999","0.18949999999999997"
"Netherlands",1992,"10.752166666666668","0.27525"
"Netherlands",1993,"9.847499999999998","0.19316666666666663"
"Netherlands",1994,"10.842","0.19508333333333336"
"Netherlands",1995,"10.594666666666667","0.19099999999999998"
"Netherlands",1996,"8.739333333333333","0.1790833333333333"
"Netherlands",1997,"10.409416666666667","0.18825000000000003"
"Netherlands",1998,"10.51858333333333","0.17425"
"Netherlands",1999,"11.086166666666665","0.1884166666666667"
"Netherlands",2000,"11.103500000000002","0.2114166666666667"
"Netherlands",2001,"10.578999999999999","0.19575"
"Netherlands",2002,"11.015499999999998","0.18075"
"Netherlands",2003,"10.699833333333332","0.2555"
"Netherlands",2004,"10.6275","0.20241666666666666"
"Netherlands",2005,"10.823666666666666","0.17458333333333334"
"Netherlands",2006,"11.291333333333334","0.22191666666666668"
"Netherlands",2007,"11.388416666666666","0.1888333333333333"
"Netherlands",2008,"10.794583333333334","0.19183333333333338"
"Netherlands",2009,"10.707166666666666","0.20725000000000002"
"Netherlands",2010,"9.264583333333334","0.20391666666666672"
"Netherlands",2011,"11.076","0.18408333333333335"
"Netherlands",2012,"10.438166666666667","0.2343333333333334"
"Netherlands",2013,"9.8565","0.247125"
"New Zealand",1990,"11.26933333333333","0.32116666666666666"
"New Zealand",1991,"10.53433333333333","0.26458333333333334"
"New Zealand",1992,"9.936166666666667","0.29975"
"New Zealand",1993,"10.238249999999999","0.3288333333333333"
"New Zealand",1994,"10.542250000000001","0.29391666666666666"
"New Zealand",1995,"10.821083333333334","0.23908333333333334"
"New Zealand",1996,"10.7435","0.2525"
"New Zealand",1997,"10.542","0.26233333333333336"
"New Zealand",1998,"11.633000000000001","0.27691666666666664"
"New Zealand",1999,"11.612250000000001","0.22758333333333333"
"New Zealand",2000,"11.115583333333333","0.23483333333333334"
"New Zealand",2001,"11.191083333333331","0.21108333333333337"
"New Zealand",2002,"10.997583333333333","0.2860833333333333"
"New Zealand",2003,"10.930250000000001","0.3066666666666667"
"New Zealand",2004,"10.475416666666668","0.24758333333333335"
"New Zealand",2005,"11.375416666666666","0.20133333333333334"
"New Zealand",2006,"10.703833333333334","0.26666666666666666"
"New Zealand",2007,"11.085166666666666","0.20025"
"New Zealand",2008,"11.171666666666667","0.25133333333333335"
"New Zealand",2009,"10.653583333333332","0.2300833333333333"
"New Zealand",2010,"11.335749999999999","0.23341666666666663"
"New Zealand",2011,"11.16325","0.21566666666666667"
"New Zealand",2012,"10.656916666666666","0.379"
"New Zealand",2013,"11.0885","0.528875"
"Norway",1990,"2.0665","0.29058333333333336"
"Norway",1991,"1.1335","0.2588333333333333"
"Norway",1992,"1.2961666666666665","0.3296666666666666"
"Norway",1993,"0.41900000000000004","0.27616666666666667"
"Norway",1994,"0.46449999999999975","0.2818333333333334"
"Norway",1995,"0.5059999999999998","0.29724999999999996"
"Norway",1996,"0.25566666666666665","0.2679166666666667"
"Norway",1997,"1.0437500000000004","0.2788333333333333"
"Norway",1998,"0.4654166666666668","0.2678333333333333"
"Norway",1999,"1.2797499999999997","0.28158333333333335"
"Norway",2000,"1.7969166666666663","0.31125"
"Norway",2001,"0.7025000000000002","0.28600000000000003"
"Norway",2002,"1.37075","0.28791666666666665"
"Norway",2003,"1.2833333333333339","0.36308333333333337"
"Norway",2004,"1.5249166666666667","0.2824166666666666"
"Norway",2005,"1.8073333333333335","0.2966666666666667"
"Norway",2006,"2.256666666666667","0.30416666666666664"
"Norway",2007,"1.7515833333333333","0.30266666666666664"
"Norway",2008,"1.6425","0.3041666666666667"
"Norway",2009,"1.3854999999999997","0.3285833333333333"
"Norway",2010,"-0.21550000000000016","0.2965833333333333"
"Norway",2011,"2.1189166666666672","0.28825"
"Norway",2012,"1.1416666666666664","0.30974999999999997"
"Norway",2013,"1.7353749999999994","0.34274999999999994"
"OECD - Europe",1990,"9.320416666666667","0.19933333333333333"
"OECD - Europe",1991,"8.337166666666667","0.15400000000000003"
"OECD - Europe",1992,"8.787500000000001","0.21708333333333332"
"OECD - Europe",1993,"8.109916666666667","0.16149999999999998"
"OECD - Europe",1994,"8.987416666666666","0.17608333333333337"
"OECD - Europe",1995,"8.686416666666668","0.15508333333333332"
"OECD - Europe",1996,"7.802083333333335","0.15283333333333332"
"OECD - Europe",1997,"8.630583333333334","0.1854166666666667"
"OECD - Europe",1998,"8.546166666666666","0.14991666666666667"
"OECD - Europe",1999,"9.087833333333334","0.157"
"OECD - Europe",2000,"9.440083333333334","0.18575000000000005"
"OECD - Europe",2001,"8.787083333333332","0.16883333333333336"
"OECD - Europe",2002,"9.22","0.16"
"OECD - Europe",2003,"8.982333333333333","0.219"
"OECD - Europe",2004,"8.83075","0.18933333333333333"
"OECD - Europe",2005,"8.801333333333334","0.1625"
"OECD - Europe",2006,"9.157416666666668","0.20325000000000004"
"OECD - Europe",2007,"9.470666666666668","0.1704166666666667"
"OECD - Europe",2008,"9.304666666666664","0.17216666666666666"
"OECD - Europe",2009,"9.150333333333334","0.19550000000000003"
"OECD - Europe",2010,"8.279833333333334","0.19316666666666668"
"OECD - Europe",2011,"9.384416666666667","0.20233333333333334"
"OECD - Europe",2012,"8.912916666666666","0.2518333333333333"
"OECD - Europe",2013,"9.67025","0.22799999999999998"
"Peru",1990,"20.233083333333333","0.3093333333333333"
"Peru",1991,"20.50425","0.24841666666666665"
"Peru",1992,"20.836583333333333","0.37474999999999997"
"Peru",1993,"20.5025","0.3191666666666667"
"Peru",1994,"20.530583333333333","0.27666666666666667"
"Peru",1995,"20.686","0.26508333333333334"
"Peru",1996,"20.115000000000002","0.2671666666666667"
"Peru",1997,"20.93658333333333","0.35441666666666666"
"Peru",1998,"21.181833333333334","0.31841666666666674"
"Peru",1999,"20.06775","0.2818333333333333"
"Peru",2000,"20.231916666666667","0.36041666666666666"
"Peru",2001,"20.225750000000005","0.3063333333333333"
"Peru",2002,"20.536","0.33841666666666664"
"Peru",2003,"20.485583333333334","0.3264166666666667"
"Peru",2004,"20.443083333333337","0.3563333333333334"
"Peru",2005,"20.45058333333333","0.42058333333333336"
"Peru",2006,"20.541","0.36800000000000005"
"Peru",2007,"20.191666666666666","0.3765833333333333"
"Peru",2008,"20.226416666666665","0.3406666666666666"
"Peru",2009,"20.52308333333333","0.40191666666666664"
"Peru",2010,"20.584500000000002","0.4659166666666666"
"Peru",2011,"20.284083333333335","0.35141666666666665"
"Peru",2012,"20.460000000000004","0.35791666666666666"
"Peru",2013,"19.97625","0.517375"
"Poland",1990,"9.231666666666667","0.2525"
"Poland",1991,"7.944666666666666","0.2074166666666667"
"Poland",1992,"8.8135","0.26058333333333333"
"Poland",1993,"7.831083333333333","0.2599166666666667"
"Poland",1994,"8.921","0.2369166666666667"
"Poland",1995,"8.262250000000002","0.2303333333333333"
"Poland",1996,"6.7685","0.2366666666666667"
"Poland",1997,"7.980666666666668","0.26399999999999996"
"Poland",1998,"8.315166666666665","0.21325000000000005"
"Poland",1999,"9.034999999999998","0.19991666666666666"
"Poland",2000,"9.622166666666667","0.222"
"Poland",2001,"8.333833333333333","0.24774999999999994"
"Poland",2002,"9.171166666666666","0.2085"
"Poland",2003,"8.385083333333334","0.246"
"Poland",2004,"8.3905","0.26108333333333333"
"Poland",2005,"8.4185","0.22575000000000003"
"Poland",2006,"8.799916666666666","0.25075"
"Poland",2007,"9.418083333333334","0.22266666666666665"
"Poland",2008,"9.469166666666666","0.216"
"Poland",2009,"8.652916666666666","0.23266666666666666"
"Poland",2010,"7.621416666666666","0.22175000000000003"
"Poland",2011,"8.951666666666666","0.26966666666666667"
"Poland",2012,"8.53775","0.30291666666666667"
"Poland",2013,"9.257875","0.32325"
"Portugal",1990,"15.742750000000001","0.2841666666666667"
"Portugal",1991,"15.232833333333332","0.26125"
"Portugal",1992,"15.111333333333334","0.3525833333333334"
"Portugal",1993,"14.520166666666668","0.29683333333333334"
"Portugal",1994,"15.312833333333336","0.272"
"Portugal",1995,"16.34741666666667","0.28358333333333335"
"Portugal",1996,"15.296333333333335","0.2530833333333333"
"Portugal",1997,"16.267583333333334","0.295"
"Portugal",1998,"15.645000000000001","0.24625000000000005"
"Portugal",1999,"15.279083333333332","0.20458333333333334"
"Portugal",2000,"15.392999999999999","0.2591666666666667"
"Portugal",2001,"15.40775","0.24475000000000002"
"Portugal",2002,"15.463166666666666","0.2614166666666667"
"Portugal",2003,"15.81583333333333","0.25758333333333333"
"Portugal",2004,"15.463833333333335","0.23766666666666666"
"Portugal",2005,"15.536916666666665","0.22633333333333336"
"Portugal",2006,"16.002583333333334","0.2604166666666667"
"Portugal",2007,"15.241083333333334","0.24791666666666665"
"Portugal",2008,"15.269999999999998","0.2736666666666666"
"Portugal",2009,"15.983499999999998","0.25991666666666663"
"Portugal",2010,"15.68425","0.227"
"Portugal",2011,"16.066416666666665","0.2656666666666667"
"Portugal",2012,"15.392166666666666","0.4859166666666666"
"Portugal",2013,"15.88925","0.47824999999999995"
"Romania",1990,"10.226","0.26875000000000004"
"Romania",1991,"8.728166666666665","0.20224999999999996"
"Romania",1992,"9.562583333333334","0.26866666666666666"
"Romania",1993,"8.862916666666669","0.24025"
"Romania",1994,"10.609","0.21375000000000002"
"Romania",1995,"9.13875","0.20433333333333334"
"Romania",1996,"8.649416666666665","0.2508333333333334"
"Romania",1997,"8.523666666666667","0.24449999999999997"
"Romania",1998,"9.178416666666667","0.22383333333333333"
"Romania",1999,"10.091000000000001","0.23291666666666666"
"Romania",2000,"10.472249999999999","0.2313333333333333"
"Romania",2001,"9.638583333333335","0.21791666666666668"
"Romania",2002,"10.392666666666665","0.2426666666666667"
"Romania",2003,"9.340166666666667","0.27791666666666665"
"Romania",2004,"9.558166666666667","0.24725"
"Romania",2005,"9.123166666666664","0.2524166666666667"
"Romania",2006,"9.469000000000001","0.28424999999999995"
"Romania",2007,"10.868333333333332","0.25866666666666666"
"Romania",2008,"10.460999999999999","0.25933333333333336"
"Romania",2009,"10.470666666666668","0.26100000000000007"
"Romania",2010,"9.851666666666665","0.324"
"Romania",2011,"9.569","0.2731666666666666"
"Romania",2012,"10.301083333333333","0.37433333333333335"
"Romania",2013,"11.6455","0.36312500000000003"
"Russia",1990,"-4.022916666666667","0.228"
"Russia",1991,"-4.236999999999999","0.18158333333333335"
"Russia",1992,"-4.903250000000001","0.24375"
"Russia",1993,"-4.62175","0.2045"
"Russia",1994,"-4.898416666666667","0.21408333333333338"
"Russia",1995,"-3.1301666666666663","0.20425000000000001"
"Russia",1996,"-4.8103333333333325","0.21050000000000002"
"Russia",1997,"-4.2965","0.24591666666666667"
"Russia",1998,"-5.281083333333333","0.19458333333333336"
"Russia",1999,"-4.829750000000001","0.20383333333333334"
"Russia",2000,"-4.545666666666667","0.21841666666666668"
"Russia",2001,"-4.490666666666667","0.22041666666666668"
"Russia",2002,"-4.122916666666666","0.2081666666666667"
"Russia",2003,"-3.8328333333333338","0.2554166666666667"
"Russia",2004,"-4.493583333333333","0.22425000000000003"
"Russia",2005,"-3.498083333333333","0.21324999999999997"
"Russia",2006,"-4.762999999999999","0.26199999999999996"
"Russia",2007,"-2.975083333333334","0.229"
"Russia",2008,"-3.305416666666666","0.2126666666666667"
"Russia",2009,"-4.608500000000001","0.22983333333333336"
"Russia",2010,"-4.520583333333334","0.21766666666666667"
"Russia",2011,"-3.401583333333333","0.22125000000000003"
"Russia",2012,"-3.90175","0.3415000000000001"
"Russia",2013,"-2.2631250000000014","0.44137499999999996"
"Saudi Arabia",1990,"26.018750000000008","0.3348333333333333"
"Saudi Arabia",1991,"25.77625","0.27941666666666665"
"Saudi Arabia",1992,"24.77125","0.35233333333333333"
"Saudi Arabia",1993,"25.741","0.3479166666666667"
"Saudi Arabia",1994,"26.297583333333336","0.3194166666666667"
"Saudi Arabia",1995,"25.989166666666666","0.2996666666666667"
"Saudi Arabia",1996,"26.432999999999996","0.3143333333333333"
"Saudi Arabia",1997,"25.86766666666667","0.3975"
"Saudi Arabia",1998,"26.853749999999994","0.3724166666666666"
"Saudi Arabia",1999,"26.940583333333333","0.33558333333333334"
"Saudi Arabia",2000,"26.642916666666665","0.3254166666666667"
"Saudi Arabia",2001,"26.769666666666666","0.36125"
"Saudi Arabia",2002,"26.627333333333336","0.2920833333333333"
"Saudi Arabia",2003,"26.816666666666666","0.34925"
"Saudi Arabia",2004,"26.519000000000002","0.3378333333333334"
"Saudi Arabia",2005,"26.495500000000003","0.28758333333333336"
"Saudi Arabia",2006,"26.558583333333335","0.35233333333333333"
"Saudi Arabia",2007,"26.68258333333333","0.2880833333333334"
"Saudi Arabia",2008,"26.477749999999997","0.29466666666666663"
"Saudi Arabia",2009,"26.827749999999995","0.2760833333333334"
"Saudi Arabia",2010,"27.530083333333334","0.2773333333333334"
"Saudi Arabia",2011,"26.635250000000003","0.3389166666666666"
"Saudi Arabia",2012,"26.988916666666665","0.38558333333333333"
"Saudi Arabia",2013,"27.74075","0.706125"
"Slovenia",1990,"10.726333333333331","0.3385833333333333"
"Slovenia",1991,"9.758000000000001","0.23791666666666667"
"Slovenia",1992,"10.925333333333334","0.267"
"Slovenia",1993,"10.35","0.30274999999999996"
"Slovenia",1994,"11.502","0.28550000000000003"
"Slovenia",1995,"10.289583333333335","0.2891666666666666"
"Slovenia",1996,"9.444999999999999","0.3256666666666667"
"Slovenia",1997,"10.382916666666667","0.27308333333333334"
"Slovenia",1998,"10.597333333333331","0.2784166666666667"
"Slovenia",1999,"10.686916666666667","0.19833333333333333"
"Slovenia",2000,"11.590583333333335","0.26483333333333337"
"Slovenia",2001,"10.894666666666668","0.26058333333333333"
"Slovenia",2002,"11.337249999999997","0.29908333333333337"
"Slovenia",2003,"11.009666666666666","0.31016666666666665"
"Slovenia",2004,"10.24125","0.28025"
"Slovenia",2005,"9.795083333333334","0.23175"
"Slovenia",2006,"10.723416666666665","0.3119166666666667"
"Slovenia",2007,"11.46258333333333","0.2516666666666667"
"Slovenia",2008,"11.247916666666667","0.2214166666666667"
"Slovenia",2009,"11.237416666666666","0.29950000000000004"
"Slovenia",2010,"10.194","0.29475"
"Slovenia",2011,"11.208083333333333","0.3149166666666666"
"Slovenia",2012,"11.278250000000002","0.37516666666666665"
"Slovenia",2013,"11.74475","0.34075"
"South Africa",1990,"17.72833333333333","0.23191666666666666"
"South Africa",1991,"17.752","0.21658333333333332"
"South Africa",1992,"18.25616666666667","0.2354166666666667"
"South Africa",1993,"18.20275","0.22525000000000003"
"South Africa",1994,"17.61475","0.22975"
"South Africa",1995,"17.87075","0.2394166666666667"
"South Africa",1996,"17.258666666666667","0.19983333333333334"
"South Africa",1997,"17.61525","0.20391666666666663"
"South Africa",1998,"18.095333333333333","0.21158333333333332"
"South Africa",1999,"18.5455","0.20833333333333337"
"South Africa",2000,"17.585583333333332","0.20566666666666666"
"South Africa",2001,"17.86791666666667","0.2214166666666667"
"South Africa",2002,"17.949416666666668","0.26366666666666666"
"South Africa",2003,"18.261666666666667","0.28975"
"South Africa",2004,"18.082833333333337","0.26458333333333334"
"South Africa",2005,"18.21791666666667","0.2314166666666667"
"South Africa",2006,"17.5975","0.2581666666666667"
"South Africa",2007,"17.986250000000002","0.2961666666666667"
"South Africa",2008,"17.956083333333332","0.29616666666666663"
"South Africa",2009,"17.886","0.25066666666666665"
"South Africa",2010,"18.302666666666667","0.26566666666666666"
"South Africa",2011,"17.552416666666666","0.2813333333333334"
"South Africa",2012,"17.84691666666667","0.34158333333333335"
"South Africa",2013,"17.325375","0.421625"
"Spain",1990,"14.762083333333335","0.23491666666666666"
"Spain",1991,"14.007166666666665","0.20325000000000001"
"Spain",1992,"13.955249999999998","0.25225000000000003"
"Spain",1993,"13.500666666666667","0.20875000000000002"
"Spain",1994,"14.650999999999998","0.21183333333333335"
"Spain",1995,"15.072166666666666","0.22583333333333333"
"Spain",1996,"14.151250000000003","0.20891666666666664"
"Spain",1997,"15.105916666666666","0.24900000000000003"
"Spain",1998,"14.552000000000001","0.20316666666666663"
"Spain",1999,"14.3665","0.1945"
"Spain",2000,"14.46875","0.25025000000000003"
"Spain",2001,"14.616083333333334","0.21258333333333332"
"Spain",2002,"14.647916666666667","0.21775"
"Spain",2003,"14.996916666666666","0.26091666666666674"
"Spain",2004,"14.396416666666669","0.23075000000000004"
"Spain",2005,"14.303583333333334","0.19716666666666668"
"Spain",2006,"15.105916666666667","0.23458333333333337"
"Spain",2007,"14.241333333333335","0.23291666666666666"
"Spain",2008,"14.229500000000002","0.2333333333333334"
"Spain",2009,"14.968083333333333","0.238"
"Spain",2010,"14.246000000000002","0.2191666666666667"
"Spain",2011,"15.321083333333334","0.2579166666666667"
"Spain",2012,"14.58","0.3034166666666666"
"Spain",2013,"14.858875000000001","0.28425"
"Sweden",1990,"4.497916666666667","0.27191666666666664"
"Sweden",1991,"3.459","0.22550000000000003"
"Sweden",1992,"3.872250000000001","0.2744166666666666"
"Sweden",1993,"2.9450000000000003","0.1955"
"Sweden",1994,"2.8799166666666665","0.22424999999999998"
"Sweden",1995,"3.0660000000000007","0.219"
"Sweden",1996,"2.39175","0.2333333333333333"
"Sweden",1997,"3.730583333333334","0.23058333333333336"
"Sweden",1998,"2.8729166666666663","0.21616666666666662"
"Sweden",1999,"3.5439166666666666","0.2386666666666666"
"Sweden",2000,"4.421","0.26425000000000004"
"Sweden",2001,"3.1396666666666664","0.22358333333333336"
"Sweden",2002,"3.7953333333333332","0.21258333333333332"
"Sweden",2003,"3.733","0.2861666666666667"
"Sweden",2004,"3.6477500000000003","0.2303333333333333"
"Sweden",2005,"4.000166666666666","0.22458333333333333"
"Sweden",2006,"4.354166666666667","0.25683333333333336"
"Sweden",2007,"4.080583333333333","0.23016666666666663"
"Sweden",2008,"4.217999999999999","0.23183333333333334"
"Sweden",2009,"3.5024166666666665","0.2599166666666667"
"Sweden",2010,"1.6585","0.24883333333333335"
"Sweden",2011,"4.518750000000001","0.24750000000000003"
"Sweden",2012,"2.9728333333333334","0.31925000000000003"
"Sweden",2013,"4.19975","0.43424999999999997"
"Switzerland",1990,"8.255583333333334","0.23208333333333334"
"Switzerland",1991,"7.4049999999999985","0.2225"
"Switzerland",1992,"8.059666666666667","0.25608333333333333"
"Switzerland",1993,"7.617333333333335","0.22216666666666662"
"Switzerland",1994,"8.821083333333332","0.24441666666666673"
"Switzerland",1995,"7.751916666666666","0.20808333333333337"
"Switzerland",1996,"6.974583333333334","0.22"
"Switzerland",1997,"8.212416666666668","0.26266666666666666"
"Switzerland",1998,"7.958000000000001","0.2291666666666667"
"Switzerland",1999,"7.902833333333334","0.19525"
"Switzerland",2000,"8.562666666666667","0.23558333333333334"
"Switzerland",2001,"7.979749999999999","0.23866666666666667"
"Switzerland",2002,"8.484833333333334","0.21133333333333335"
"Switzerland",2003,"8.669749999999999","0.23916666666666664"
"Switzerland",2004,"7.846083333333333","0.216"
"Switzerland",2005,"7.573916666666668","0.18374999999999997"
"Switzerland",2006,"8.337750000000002","0.21474999999999997"
"Switzerland",2007,"8.552750000000001","0.20091666666666663"
"Switzerland",2008,"8.109666666666666","0.19666666666666666"
"Switzerland",2009,"8.300666666666666","0.20225"
"Switzerland",2010,"7.2265000000000015","0.20225"
"Switzerland",2011,"8.847333333333333","0.24266666666666667"
"Switzerland",2012,"8.159249999999998","0.3164166666666667"
"Switzerland",2013,"8.1775","0.36200000000000004"
"Trkiye",1990,"12.032499999999999","0.21508333333333338"
"Trkiye",1991,"11.751083333333334","0.2316666666666667"
"Trkiye",1992,"10.516666666666667","0.35391666666666666"
"Trkiye",1993,"11.277416666666667","0.25025000000000003"
"Trkiye",1994,"12.744833333333338","0.22916666666666666"
"Trkiye",1995,"12.188833333333335","0.20458333333333334"
"Trkiye",1996,"12.405916666666668","0.25125"
"Trkiye",1997,"11.568000000000003","0.26891666666666675"
"Trkiye",1998,"12.883166666666668","0.20733333333333334"
"Trkiye",1999,"13.087250000000003","0.19125"
"Trkiye",2000,"12.201916666666664","0.2025"
"Trkiye",2001,"13.283249999999997","0.22566666666666668"
"Trkiye",2002,"12.339","0.2609166666666667"
"Trkiye",2003,"12.331333333333331","0.24100000000000002"
"Trkiye",2004,"12.310166666666667","0.22991666666666666"
"Trkiye",2005,"12.432916666666666","0.22491666666666668"
"Trkiye",2006,"12.450083333333332","0.27316666666666667"
"Trkiye",2007,"12.815333333333333","0.2273333333333333"
"Trkiye",2008,"12.657833333333334","0.29483333333333334"
"Trkiye",2009,"12.814833333333334","0.23966666666666667"
"Trkiye",2010,"14.281666666666665","0.2800833333333333"
"Trkiye",2011,"11.914500000000002","0.2876666666666667"
"Trkiye",2012,"12.854416666666667","0.33499999999999996"
"Trkiye",2013,"14.026625","0.31174999999999997"
"Ukraine",1990,"9.400833333333333","0.2334166666666667"
"Ukraine",1991,"8.300166666666668","0.1775"
"Ukraine",1992,"8.379750000000001","0.22316666666666665"
"Ukraine",1993,"7.458416666666667","0.18416666666666667"
"Ukraine",1994,"8.80725","0.20658333333333337"
"Ukraine",1995,"8.709083333333334","0.17883333333333332"
"Ukraine",1996,"7.552583333333332","0.19333333333333336"
"Ukraine",1997,"7.604583333333333","0.22624999999999998"
"Ukraine",1998,"8.455583333333335","0.19183333333333333"
"Ukraine",1999,"9.50725","0.18191666666666664"
"Ukraine",2000,"9.316333333333334","0.20350000000000001"
"Ukraine",2001,"8.938666666666666","0.17241666666666666"
"Ukraine",2002,"9.377166666666666","0.20274999999999996"
"Ukraine",2003,"8.219666666666667","0.221"
"Ukraine",2004,"8.850499999999998","0.23858333333333334"
"Ukraine",2005,"8.917333333333334","0.20025"
"Ukraine",2006,"8.454666666666666","0.23216666666666666"
"Ukraine",2007,"10.055416666666668","0.2308333333333333"
"Ukraine",2008,"9.55975","0.2021666666666667"
"Ukraine",2009,"9.4285","0.2123333333333333"
"Ukraine",2010,"9.453","0.25275"
"Ukraine",2011,"8.790833333333333","0.2465833333333333"
"Ukraine",2012,"9.290666666666665","0.30366666666666664"
"Ukraine",2013,"10.913499999999999","0.314375"
"United Kingdom",1990,"9.674583333333333","0.23241666666666672"
"United Kingdom",1991,"8.828333333333331","0.20883333333333334"
"United Kingdom",1992,"9.025","0.251"
"United Kingdom",1993,"8.66975","0.21225000000000002"
"United Kingdom",1994,"9.15075","0.21825000000000003"
"United Kingdom",1995,"9.419583333333334","0.20675"
"United Kingdom",1996,"8.551166666666667","0.18958333333333333"
"United Kingdom",1997,"9.64425","0.21200000000000005"
"United Kingdom",1998,"9.462750000000002","0.20083333333333334"
"United Kingdom",1999,"9.663333333333334","0.22841666666666668"
"United Kingdom",2000,"9.379666666666667","0.20933333333333334"
"United Kingdom",2001,"9.140083333333335","0.22375"
"United Kingdom",2002,"9.679666666666668","0.21391666666666664"
"United Kingdom",2003,"9.742083333333333","0.2535833333333333"
"United Kingdom",2004,"9.737333333333334","0.20174999999999998"
"United Kingdom",2005,"9.65525","0.2084166666666667"
"United Kingdom",2006,"9.943416666666666","0.2374166666666667"
"United Kingdom",2007,"9.797499999999998","0.17741666666666667"
"United Kingdom",2008,"9.348250000000002","0.19383333333333333"
"United Kingdom",2009,"9.453333333333333","0.20883333333333334"
"United Kingdom",2010,"8.394333333333334","0.20658333333333334"
"United Kingdom",2011,"9.907916666666667","0.22491666666666665"
"United Kingdom",2012,"9.037416666666667","0.2645"
"United Kingdom",2013,"8.997500000000002","0.33025"
"United States",1990,"9.521583333333334","0.18616666666666667"
"United States",1991,"9.493666666666666","0.14291666666666666"
"United States",1992,"9.056333333333333","0.20299999999999999"
"United States",1993,"8.86725","0.16583333333333333"
"United States",1994,"9.270333333333335","0.1658333333333333"
"United States",1995,"9.331000000000001","0.14816666666666667"
"United States",1996,"8.754333333333333","0.13975"
"United States",1997,"9.172916666666667","0.1675"
"United States",1998,"10.141166666666667","0.12791666666666668"
"United States",1999,"9.567","0.14550000000000005"
"United States",2000,"9.649750000000001","0.16225"
"United States",2001,"9.785583333333333","0.13875"
"United States",2002,"9.816166666666666","0.14233333333333334"
"United States",2003,"9.75508333333333","0.19625"
"United States",2004,"9.667499999999999","0.17308333333333334"
"United States",2005,"9.892666666666669","0.13675"
"United States",2006,"9.9745","0.17933333333333334"
"United States",2007,"9.837499999999999","0.14200000000000002"
"United States",2008,"8.951416666666669","0.14325000000000002"
"United States",2009,"9.137083333333335","0.1646666666666667"
"United States",2010,"9.505583333333334","0.15508333333333332"
"United States",2011,"9.549916666666665","0.17308333333333334"
"United States",2012,"10.261083333333334","0.21550000000000002"
"United States",2013,"11.297111111111112","0.31877777777777777"
